"Month","CO Level","NOx Level","PM2.5 Level","PM10 Level","CO2 Level"
"2025-10","27.393024428683148","17.76682120528753","18.178588333928626","8.64269587494423","48.28205897121466"
